ac_number,constituency,winner,winner_party,winner_votes,runner_up,runner_up_party,runner_up_votes,margin,total_valid_votes,winner_vote_share,num_candidates,region,reserved,year,district
1,Gummidipundi,GOVINDARAJAN T.J,DMK,126452,PRAKASH M,PMK,75514,50938,222069,56.94,13,Chennai Metro,GEN,2021,Tiruvallur
2,Ponneri,DURAI. CHANDRASEKAR,INC,94528,BALARAMAN. P,AIADMK,84839,9689,210354,44.94,11,Chennai Metro,SC,2021,Tiruvallur
3,Tiruttani,S.Chandran,DMK,120314,G.Hari,AIADMK,91061,29253,232624,51.72,15,Chennai Metro,GEN,2021,Tiruvallur
4,Thiruvallur,"RAAJENDRAN, V.G.",DMK,107709,"RAMANAH, BE VEE",AIADMK,85008,22701,214243,50.27,12,Chennai Metro,GEN,2021,Tiruvallur
5,Poonamallee,Krishnaswamy A,DMK,149578,Rajamannar S X,PMK,55468,94110,263736,56.72,15,Chennai Metro,SC,2021,Tiruvallur
6,Avadi,Nasar S M,DMK,150287,Pandiarajan K,AIADMK,95012,55275,300927,49.94,21,Chennai Metro,GEN,2021,Tiruvallur
7,Maduravoyal,GANAPATHY.K,DMK,121298,BENJAMIN.P,AIADMK,89577,31721,273870,44.29,21,Chennai Metro,GEN,2021,Tiruvallur
8,Ambattur,JOSEPH SAMUEL,DMK,114554,V ALEXANDER,AIADMK,72408,42146,240299,47.67,24,Chennai Metro,GEN,2021,Tiruvallur
9,Madavaram,SUDHARSANAM. S,DMK,151485,Moorthy. V,AIADMK,94414,57071,302700,50.04,21,Chennai Metro,GEN,2021,Tiruvallur
10,Thiruvottiyur,K.P.SHANKAR,DMK,88185,K.KUPPAN,AIADMK,50524,37661,199996,44.09,21,Chennai Metro,GEN,2021,Tiruvallur
11,Dr. Radhakrishnan Nagar,EBENEZER. J.J. (@)  JOHN EBENEZER.J,DMK,95763,RAAJESH.R.S.,AIADMK,53284,42479,187027,51.2,32,Chennai Metro,GEN,2021,Chennai
12,Perambur,SHEKAR. R.D,DMK,105267,DHANAPALAN N.R,AIADMK,50291,54976,200387,52.53,23,Chennai Metro,GEN,2021,Chennai
13,Kolathur,M.K. STALIN,DMK,105522,AADIRAJARAM,AIADMK,35138,70384,173388,60.86,37,Chennai Metro,GEN,2021,Chennai
14,Villivakkam,A . Vetriazhagan,DMK,76127,J.C.D.Prabhakar,AIADMK,38890,37237,144092,52.83,24,Chennai Metro,GEN,2021,Chennai
15,Thiru-Vi-Ka-Nagar,SIVAKUMAR.P,DMK,81727,KALYANI.P.L,AIADMK,26714,55013,133696,61.13,24,Chennai Metro,SC,2021,Chennai
16,Egmore,I.PARANTHAMEN,DMK,68832,B.JOHN PANDIAN,AIADMK,30064,38768,119271,57.71,19,Chennai Metro,SC,2021,Chennai
17,Royapuram,MURTHY.R.IDREAM,DMK,64424,JAYAKUMAR.D,AIADMK,36645,27779,121191,53.16,27,Chennai Metro,GEN,2021,Chennai
18,Harbour,SEKARBABU. P.K,DMK,59317,VINOJ. P. SELVAM,BJP,32043,27274,101650,58.35,29,Chennai Metro,GEN,2021,Chennai
19,Chepauk-Thiruvallikeni,UDHAYANIDHI STALIN,DMK,93285,KASSALI A.V.A,PMK,23930,69355,137405,67.89,27,Chennai Metro,GEN,2021,Chennai
20,Thousand Lights,EZHILAN N,DMK,71867,KUSHBOO SUNDAR,BJP,39405,32462,135940,52.87,21,Chennai Metro,GEN,2021,Chennai
21,Anna Nagar,M.K. Mohan,DMK,80054,S. Gokula Indira,AIADMK,52609,27445,165096,48.49,24,Chennai Metro,GEN,2021,Chennai
22,Virugampakkam,AMV.PRABHAKARA RAJA,DMK,74351,VIRUGAI V.N.RAVI,AIADMK,55984,18367,169087,43.97,28,Chennai Metro,GEN,2021,Chennai
23,Saidapet,SUBRAMANIAN. MA,DMK,80194,SAIDAI DURAISAMY,AIADMK,50786,29408,160327,50.02,31,Chennai Metro,GEN,2021,Chennai
24,Theayagaraya Nagar,KARUNANITHI J,DMK,56035,SATHIYANAARAYANAN B,AIADMK,55898,137,138114,40.57,15,Chennai Metro,GEN,2021,Chennai
25,Mylapore,VELU.DHA,DMK,68392,NATARAJ.R,AIADMK,55759,12633,153430,44.58,24,Chennai Metro,GEN,2021,Chennai
26,Velachery,JMH.AASSAN MAULAANA,INC,68493,M.K.ASHOK,AIADMK,64141,4352,176714,38.76,24,Chennai Metro,GEN,2021,Chennai
27,Shozhinganallur,S.ARAVINDRAMESH,DMK,171558,K.P.KANDAN,AIADMK,136153,35405,388355,44.18,27,Chennai Metro,GEN,2021,Kanchipuram
28,Alandur,T.M.Anbarasan,DMK,116785,B.Valarmathi,AIADMK,76214,40571,237751,49.12,26,Chennai Metro,GEN,2021,Kanchipuram
29,Sriperumbudur,SELVAPERUNTHAGAI,INC,115353,PALANI,AIADMK,104474,10879,264262,43.65,16,Chennai Metro,SC,2021,Kanchipuram
30,Pallavaram,KARUNANITHI,DMK,126427,RAJENDRAN,AIADMK,88646,37781,266194,47.49,23,Chennai Metro,GEN,2021,Kanchipuram
31,Tambaram,Raja.S.R,DMK,116840,Chinnaiyah.T.K.M,AIADMK,80016,36824,248968,46.93,23,Chennai Metro,GEN,2021,Kanchipuram
32,Chengalpattu,VARALAKSHMI.M,DMK,130573,GAJENDRAN.M,AIADMK,103908,26665,274087,47.64,14,Chennai Metro,GEN,2021,Kanchipuram
33,Thiruporur,S.S.Balaji,VCK,93954,Arumugam.K,PMK,92007,1947,226729,41.44,12,North,GEN,2021,Kanchipuram
34,Cheyyur,Babu M,VCK,82750,Kanitha S,AIADMK,78708,4042,179120,46.2,10,North,SC,2021,Kanchipuram
35,Maduranthakam,Maragatham. K,AIADMK,86646,Sathya. C.E,DMK,83076,3570,185842,46.62,11,North,SC,2021,Kanchipuram
36,Uthiramerur,SUNDAR K,DMK,93427,SOMASUNDARAM V,AIADMK,91805,1622,210529,44.38,21,North,GEN,2021,Kanchipuram
37,Kancheepuram,C.V.M.P. Ezhailzrasan,DMK,102712,P. Magesh Kumar,PMK,91117,11595,229432,44.77,16,North,GEN,2021,Kanchipuram
38,Arakonam,S.RAVI,AIADMK,85399,GOWTHAMA SANNAH.J,VCK,58230,27169,171412,49.82,14,North,SC,2021,Vellore
39,Sholinghur,A.M.MUNIRATHINAM,INC,110228,A.M.KRISHNAN,PMK,83530,26698,224109,49.18,19,North,GEN,2021,Vellore
40,Katpadi,DURAIMURUGAN,DMK,85140,V RAMU,AIADMK,84394,746,186246,45.71,16,North,GEN,2021,Vellore
41,Ranipet,R.GANDHI,DMK,103291,S.M.SUGUMAR,AIADMK,86793,16498,207462,49.79,15,North,GEN,2021,Vellore
42,Arcot,J.L.Eswarappan,DMK,103885,Elavazagan.K.L,PMK,83927,19958,209791,49.52,13,North,GEN,2021,Vellore
43,Vellore,Karthikeyan .P,DMK,84299,Appu S.R.K,AIADMK,75118,9181,179899,46.86,18,North,GEN,2021,Vellore
44,Anaikattu,A.P.Nandakumar,DMK,95159,D.Velazhagan,AIADMK,88799,6360,197805,48.11,14,North,GEN,2021,Vellore
45,Kilvaithinankuppam,M.JAGAN MOORTHY,AIADMK,84579,K Seetharaman,DMK,73997,10582,174124,48.57,11,North,SC,2021,Vellore
46,Gudiyatham,Amulu.V,DMK,100412,Paritha.G,AIADMK,93511,6901,211630,47.45,16,North,SC,2021,Vellore
47,Vaniayambadi,G.SENDHIL KUMAR,AIADMK,88018,N.MOHAMMED NAYEEM,IUML,83114,4904,189997,46.33,14,North,GEN,2021,Vellore
48,Ambur,VILWANATHAN.A.C,DMK,90476,NAZAR MOHAMED.K,AIADMK,70244,20232,177878,50.86,14,North,GEN,2021,Vellore
49,Jolarpet,DEVARAJI.K.,DMK,89490,VEERAMANI.K.C.,AIADMK,88399,1091,196358,45.57,14,North,GEN,2021,Vellore
50,Tiruppattur,A. NALLATHAMBI,DMK,96522,T.K. RAJA,PMK,68282,28240,185930,51.91,16,North,GEN,2021,Vellore
51,Uthangarai,T.M.TAMILSELVAM,AIADMK,99675,S.Arumugam,INC,71288,28387,188223,52.96,13,North,SC,2021,Krishnagiri
52,Bargur,MATHIAZHAGAN D,DMK,97256,KRISHNAN A,AIADMK,84642,12614,197784,49.17,15,North,GEN,2021,Krishnagiri
53,Krishnagiri,Ashokkumar.K,AIADMK,96050,SENGUTTUVAN.T,DMK,95256,794,211648,45.38,16,North,GEN,2021,Krishnagiri
54,Veppanahalli,K.P.Munusamy,AIADMK,94104,P.Murugan,DMK,91050,3054,205141,45.87,16,North,GEN,2021,Krishnagiri
55,Hosur,PRAKAASH Y,DMK,118231,JYOTHI S,AIADMK,105864,12367,248098,47.65,19,North,GEN,2021,Krishnagiri
56,Thalli,RAMACHANDRAN.T,CPI,120641,Dr.NAGESH KUMAR.C,BJP,64415,56226,194022,62.18,13,North,GEN,2021,Krishnagiri
57,Palacode,ANBALAGAN.K.P.,AIADMK,110070,MURUGAN.P.K.,DMK,81970,28100,206595,53.28,13,North,GEN,2021,Dharmapuri
58,Pennagaram,MANI. G.K,PMK,106123,INBASEKARAN. P.N.P,DMK,84937,21186,210305,50.46,16,North,GEN,2021,Dharmapuri
59,Dharmapuri,VENKATESHWARAN.S.P.,PMK,105630,SUBRAMANI.P,DMK,78770,26860,217333,48.6,22,North,GEN,2021,Dharmapuri
60,Pappireddippatti,GOVINDASAMY.A,AIADMK,114507,PRABHURAJASEKAR.M,DMK,77564,36943,220994,51.81,16,North,GEN,2021,Dharmapuri
61,Harur,SAMPATHKUMAR.V,AIADMK,99061,KUMAR.A,CPI(M),68699,30362,198565,49.89,14,North,SC,2021,Dharmapuri
62,Chengam,GIRI.M.P,DMK,108081,NAINAKANNU.M.S,AIADMK,96511,11570,223950,48.26,16,North,SC,2021,Tiruvannamalai
63,Tiruvannamalai,E V VELU,DMK,137876,S THANIGAIVEL,BJP,43203,94673,208836,66.02,16,North,GEN,2021,Tiruvannamalai
64,Kilpennathur,K.Pitchandi,DMK,104675,K.Selvakumar,PMK,77888,26787,203886,51.34,22,North,GEN,2021,Tiruvannamalai
65,Kalasapakkam,Saravanan.P.S.T,DMK,94134,Panneerselvam.V,AIADMK,84912,9222,196434,47.92,16,North,GEN,2021,Tiruvannamalai
66,Polur,Agri KRISHNAMURTHY. S S,AIADMK,97732,SEKARAN. K.V,DMK,88007,9725,202012,48.38,16,North,GEN,2021,Tiruvannamalai
67,Arani,S.RAMACHANDRAN,AIADMK,102961,S.S.ANBALAGAN,DMK,99833,3128,221422,46.5,16,North,GEN,2021,Tiruvannamalai
68,Cheyyar,JOTHI. O,DMK,102460,DUSI. K. MOHAN,AIADMK,90189,12271,214460,47.78,16,North,GEN,2021,Tiruvannamalai
69,Vandavasi,Ambethkumar S,DMK,102064,Murali S,PMK,66111,35953,185974,54.88,12,North,SC,2021,Tiruvannamalai
70,Gingee,MASTHAN K S,DMK,109625,RAJENDIRAN P,PMK,73822,35803,206880,52.99,14,Central,GEN,2021,Villupuram
71,Mailam,SIVAKUMAR C,PMK,81044,Dr. MASILAMANI R,DMK,78814,2230,176989,45.79,15,Central,GEN,2021,Villupuram
72,Tindivanam,ARJUNAN P,AIADMK,87152,SEETHAPATHY P,DMK,77399,9753,182538,47.74,16,Central,SC,2021,Villupuram
73,Vanur,CHAKRAPANI M,AIADMK,92219,VANNI ARASU,VCK,70492,21727,182208,50.61,8,Central,SC,2021,Villupuram
74,Villupuram,LAKSHMANAN R,DMK,102271,SHANMUGAM C Ve,AIADMK,87403,14868,204860,49.92,26,Central,GEN,2021,Villupuram
75,Vikravandi,PUGAZHENTHI N,DMK,93730,MUTHAMILSELVAN R,AIADMK,84157,9573,193617,48.41,15,Central,GEN,2021,Villupuram
76,Tirukkoyilur,K.PONMUDY,DMK,110980,VAT.KALIVARADHAN,BJP,51300,59680,196217,56.56,15,Central,GEN,2021,Villupuram
77,Ulundurpet,MANIKANNAN A J,DMK,115451,KUMARAGURU R,AIADMK,110195,5256,244853,47.15,16,Central,GEN,2021,Villupuram
78,Rishivandiam,KARTHIKEYAN K,DMK,113912,SANTHOSH S A,AIADMK,72184,41728,215106,52.96,16,Central,GEN,2021,Villupuram
79,Sankarapuram,UDHAYASURIYAN T,DMK,121186,Dr.RAJA G,PMK,75223,45963,215802,56.16,20,Central,GEN,2021,Villupuram
80,Kallakurichi,Senthilkumar.M,AIADMK,110643,Manirathinem.K.I,INC,84752,25891,225858,48.99,18,Central,SC,2021,Villupuram
81,Gangavalli,"NALLATHAMBI,A.",AIADMK,89568,"REKHA PRIYADHARSHINI,J.",DMK,82207,7361,186503,48.02,12,Central,SC,2021,Salem
82,Attur,"JAYASANKARAN, A.P.",AIADMK,95308,"CHINNADURAI, K.",DMK,87051,8257,199743,47.72,12,Central,SC,2021,Salem
83,Yercaud,G. Chitra,AIADMK,121561,C. TAMILSELVAN,DMK,95606,25955,238924,50.88,14,Central,ST,2021,Salem
84,Omalur,R.MANI,AIADMK,142488,RANGARAJAN MOHAN KUMARAMANGALAM,INC,87194,55294,249027,57.22,16,Central,GEN,2021,Salem
85,Mettur,SADHASIVAM.S,PMK,97055,SRINIVASAPERUMAL.S,DMK,96399,656,218442,44.43,15,Central,GEN,2021,Salem
86,Edapadi,EDAPPADI PALANISWAMI. K,AIADMK,163154,SAMBATHKUMAR. T,DMK,69352,93802,247301,65.97,29,Central,GEN,2021,Salem
87,Sankari,"SUNDARARAJAN, S.",AIADMK,115472,"RAJESH, K.M.",DMK,95427,20045,232247,49.72,24,Central,GEN,2021,Salem
88,Salem (West),ARUL. R,PMK,105483,RAJENDRAN. A,DMK,83984,21499,216628,48.69,29,Central,GEN,2021,Salem
89,Salem (North),R. RAJENDRAN,DMK,93432,G.VENKATACHALAM,AIADMK,85844,7588,202376,46.17,21,Central,GEN,2021,Salem
90,Salem (South),E.BALASUBRAMANIAN,AIADMK,97506,A.S.SARAVANAN,DMK,74897,22609,199982,48.76,25,Central,GEN,2021,Salem
91,Veerapandi,"RAJAMUTHU, M.",AIADMK,111682,"THARUN, A.K.",DMK,91787,19895,223702,49.92,21,Central,GEN,2021,Salem
92,Rasipuram,MATHIVENTHAN M,DMK,90727,SAROJA V. Dr,AIADMK,88775,1952,196904,46.08,16,Central,SC,2021,Namakkal
93,Sendamangalam,PONNUSAMY K,DMK,90681,CHANDRAN S,AIADMK,80188,10493,199235,45.51,16,Central,ST,2021,Namakkal
94,Namakkal,RAMALINGAM P,DMK,106494,BASKAR K.P.P.,AIADMK,78633,27861,206759,51.51,27,Central,GEN,2021,Namakkal
95,Paramathi-Velur,SEKAR S,AIADMK,86034,MOORTHIY K S,DMK,78372,7662,183697,46.83,28,Central,GEN,2021,Namakkal
96,Tiruchengode,ESWARAN E R,DMK,81688,SARASWATHI PON,AIADMK,78826,2862,184669,44.23,29,Central,GEN,2021,Namakkal
97,Kumarapalayam,THANGAMANI.P,AIADMK,100800,M.VENKATACHALAM,DMK,69154,31646,201925,49.92,30,Central,GEN,2021,Namakkal
98,Erode (East),"THIRUMAHAN EVERAA,E.",INC,67300,"YUVARAJA,M.",AIADMK,58396,8904,152037,44.27,15,Kongu,GEN,2021,Erode
99,Erode (West),Muthusamy S,DMK,100757,Ramalingam K V,AIADMK,78668,22089,205579,49.01,16,Kongu,GEN,2021,Erode
100,Modakurichi,SARASWATHI.C,BJP,78125,SUBBULAKSHMI JEGADEESAN,DMK,77844,281,181857,42.96,16,Kongu,GEN,2021,Erode
101,Dharapuram,KAYALVIZHI N,DMK,89986,MURUGAN L,BJP,88593,1393,193991,46.39,15,Kongu,SC,2021,Erode
102,Kangayam,SAMINATHAN.M.P,DMK,94197,RAMALINGAM.A.S,AIADMK,86866,7331,199818,47.14,27,Kongu,GEN,2021,Erode
103,Perundurai,"JAYAKUMAR, S.",AIADMK,85125,KKC BALU,DMK,70618,14507,189843,44.84,26,Kongu,GEN,2021,Erode
104,Bhavani,KARUPPANAN.K.C,AIADMK,100915,DURAIRAJ.K.P,DMK,78392,22523,201385,50.11,15,Kongu,GEN,2021,Erode
105,Anthiyur,VENKATACHALAM.A.G,DMK,79096,SHANMUGAVEL.K.S,AIADMK,77821,1275,176385,44.84,21,Kongu,GEN,2021,Erode
106,Gobichettipalayam,SENGOTTAIYAN K.A,AIADMK,108608,MANIMARAN G.V,DMK,80045,28563,214281,50.68,20,Kongu,GEN,2021,Tirupur
107,Bhavanisagar,A.Bannari,AIADMK,99181,P.L SUNDARAM,CPI,83173,16008,200567,49.45,7,Kongu,SC,2021,Tirupur
108,Udhagamandalam,"GANESH, R.",INC,65530,"BHOJARAJAN, M.",BJP,60182,5348,141102,46.44,10,Kongu,GEN,2021,Tirupur
109,Gudalur,PON.JAYASEELAN,AIADMK,64496,"KASILINGAM, S.",DMK,62551,1945,138257,46.65,8,Kongu,SC,2021,Tirupur
110,Coonoor,"Ramachandran, K.",DMK,61820,"Vinoth, D.",AIADMK,57715,4105,135908,45.49,11,Kongu,GEN,2021,Tirupur
111,Mettupalayam,SELVARAJ A K,AIADMK,105231,SHANMUGASUNDARAM T R,DMK,102775,2456,225083,46.75,11,Kongu,GEN,2021,Tirupur
112,Avanashi,"DHANAPAL, P",AIADMK,117284,ATHIYAMAAN RAJU,DMK,66382,50902,212627,55.16,13,Kongu,SC,2021,Tirupur
113,Tiruppur (North),VIJEYAKUMAR.K.N,AIADMK,113384,RAVI (Alias) SUBRAMANIAN . M,CPI,73282,40102,238092,47.62,16,Kongu,GEN,2021,Tirupur
114,Tiruppur (South),SELVARAJ. K.,DMK,75535,GUNASEKARAN. S.,AIADMK,70826,4709,174418,43.31,21,Kongu,GEN,2021,Nilgiris
115,Palladam,ANANDAN M S M,AIADMK,126903,MUTHURATHINAM K,DMK,94212,32691,261511,48.53,21,Kongu,GEN,2021,Nilgiris
116,Sulur,KANDASAMY V.P.,AIADMK,118968,PREMIER SELVAM (a)KALICHAMY M,DMK,87036,31932,241653,49.23,16,Kongu,GEN,2021,Nilgiris
117,Kavundampalayam,G.Arunkumar,AIADMK,135669,R.Krishnan,DMK,125893,9776,309918,43.78,13,Kongu,GEN,2021,Coimbatore
118,Coimbatore North,AMMAN K.ARJUNAN,AIADMK,81454,SHANMUGASUNDARAM V.M,DMK,77453,4001,202799,40.16,21,Kongu,GEN,2021,Coimbatore
119,Thondamuthur,S.P. VELUMANI,AIADMK,124225,KARTHIKEYA,DMK,82595,41630,230531,53.89,11,Kongu,GEN,2021,Coimbatore
120,Coimbatore South,VANATHI SRINIVASAN,BJP,53209,KAMALHAASAN,MNM,51481,1728,154765,34.38,22,Kongu,GEN,2021,Coimbatore
121,Singanallur,"Jayaram, K.R",AIADMK,81244,"Karthik, N",DMK,70390,10854,202021,40.22,22,Kongu,GEN,2021,Coimbatore
122,Kinathukadavu,Damodaran.S,AIADMK,101537,Kuruchi Prabhakaran,DMK,100442,1095,232435,43.68,15,Kongu,GEN,2021,Coimbatore
123,Pollachi,Pollachi V. Jayaraman,AIADMK,80567,"Dr. Varadharajan, K.",DMK,78842,1725,177308,45.44,9,Kongu,GEN,2021,Coimbatore
124,Valparai,AMULKANDASAMI T K,AIADMK,71672,ARUMUGAM M,CPI,59449,12223,145172,49.37,7,Kongu,SC,2021,Coimbatore
125,Udumalpet,"Radhakrishnan,K.",AIADMK,96893,"Thennarasu,K.",INC,74998,21895,194358,49.85,16,Kongu,GEN,2021,Coimbatore
126,Madathukulam,C MAHENDRAN,AIADMK,84313,R.JAYARAMAKRISHNAN,DMK,77875,6438,181902,46.35,16,Kongu,GEN,2021,Coimbatore
127,Palani,SENTHIL KUMAR I.P,DMK,108566,RAVI MANOHARAN K,AIADMK,78510,30056,205384,52.86,25,South,GEN,2021,Dindigul
128,Oddanchatram,SAKKARAPANI R,DMK,109970,NATARAJ N.P,AIADMK,81228,28742,201756,54.51,15,South,GEN,2021,Dindigul
129,Athoor,PERIYASAMY I,DMK,165809,THILAGABAMA M,PMK,30238,135571,229940,72.11,21,South,GEN,2021,Dindigul
130,Nilakottai,S.Thenmozhi,AIADMK,91461,K.Murugavelrajan,DMK,63843,27618,184805,49.49,19,South,SC,2021,Dindigul
131,Natham,NATHAM.R.VISWANATHAN,AIADMK,107762,M.A.ANDI AMBALAM,DMK,95830,11932,225244,47.84,16,South,GEN,2021,Dindigul
132,Dindigul,SREENIVASAN.C,AIADMK,90595,PANDI.N,CPI(M),72848,17747,195118,46.43,22,South,GEN,2021,Dindigul
133,Vedasandur,GANDHIRAJAN S,DMK,106481,PARAMASIVAM V P B,AIADMK,88928,17553,213080,49.97,21,South,GEN,2021,Dindigul
134,Aravakurichi,ELANGO. R,DMK,93369,ANNAMALAI. K,BJP,68553,24816,177114,52.72,41,Kongu,GEN,2021,Karur
135,Karur,SENTHILBALAJI V,DMK,101757,VIJAYABHASKAR. M.R,AIADMK,89309,12448,207310,49.08,78,Kongu,GEN,2021,Karur
136,Krishnarayapuram,SIVAGAMA SUNDARI.K,DMK,96540,MUTHUKUMAR,AIADMK,64915,31625,180902,53.37,27,Kongu,SC,2021,Karur
137,Kulithalai,R.Manickam,DMK,100829,N.R.Chandrasekar,AIADMK,77289,23540,197456,51.06,19,Kongu,GEN,2021,Karur
138,Manapparai,ABDUL SAMAD P,DMK,98077,CHANDRASEKAR.R,AIADMK,85834,12243,221748,44.23,23,Delta,GEN,2021,Tiruchirappalli
139,Srirangam,Palaniyandi.M,DMK,113904,KuPa Krishnan,AIADMK,93989,19915,240240,47.41,16,Delta,GEN,2021,Tiruchirappalli
140,Tiruchirapalli (West),"Nehru, K.N.",DMK,118133,"Padmanathan, V.",AIADMK,33024,85109,183099,64.52,14,Delta,GEN,2021,Tiruchirappalli
141,Tiruchirapalli (East),"INIGO IRUDAYARAJ,S.",DMK,94302,"VELLAMANDI NATARAJAN,N.",AIADMK,40505,53797,172856,54.56,19,Delta,GEN,2021,Tiruchirappalli
142,Thiruverambur,ANBIL MAHESH POYYAMOZHI,DMK,105424,P KUMAR,AIADMK,55727,49697,197013,53.51,16,Delta,GEN,2021,Tiruchirappalli
143,Lalgudi,A.SOUNDARAPANDIAN,DMK,84914,D.R.DHARMARAJ,AIADMK,67965,16949,174754,48.59,15,Delta,GEN,2021,Tiruchirappalli
144,Manachanallur,S. KATHIRAVAN,DMK,116334,M. PARANJOTHI,AIADMK,56716,59618,196719,59.14,30,Delta,GEN,2021,Tiruchirappalli
145,Musiri,N. Thiyagarajan,DMK,90624,M. Selvarasu,AIADMK,63788,26836,179706,50.43,21,Delta,GEN,2021,Tiruchirappalli
146,Thuraiyur,S.STALINKUMAR,DMK,87786,T.INDRAGANDHI,AIADMK,65715,22071,175876,49.91,14,Delta,SC,2021,Tiruchirappalli
147,Perambalur,"PRABHAHARAN, M.",DMK,122090,"THAMIZHSELVAN, R.",AIADMK,91056,31034,240026,50.87,10,Central,SC,2021,Perambalur
148,Kunnam,"SIVASANKAR, S.S.",DMK,103922,"RAMACHANDRAN, R.T.",AIADMK,97593,6329,219879,47.26,23,Central,GEN,2021,Perambalur
149,Ariyalur,CHINNAPPA K,DMK,103975,RAJENDRAN S,AIADMK,100741,3234,225225,46.16,14,Central,GEN,2021,Ariyalur
150,Jayankondam,KANNAN KA SO KA,DMK,99529,BALU K,PMK,94077,5452,216368,46.0,14,Central,GEN,2021,Ariyalur
151,Tittakudi,"GANESAN,  C.V.",DMK,83726,"PERIYASAMY,  D.",BJP,62163,21563,168184,49.78,16,Central,SC,2021,Cuddalore
152,Vriddhachalam,Radhakrishnan,INC,77064,Karthikeyan. J,PMK,76202,862,196734,39.17,30,Central,GEN,2021,Cuddalore
153,Neyveli,SABA.RAJENDRAN,DMK,75177,JAGAN.K,PMK,74200,977,164130,45.8,13,Central,GEN,2021,Cuddalore
154,Panruti,VELMURUGAN.T,DMK,93801,RAJENDRAN.R,AIADMK,89104,4697,197049,47.6,16,Central,GEN,2021,Cuddalore
155,Cuddalore,G.IYAPPAN,DMK,84563,M.C.SAMPATH,AIADMK,79412,5151,182001,46.46,16,Central,GEN,2021,Cuddalore
156,Kurinjipadi,M.R.K.PANNEERSELVAM,DMK,101456,SELVI RAMAJAYAM,AIADMK,83929,17527,198781,51.04,13,Central,GEN,2021,Cuddalore
157,Bhuvanagiri,Arunmozhithevan. A,AIADMK,96453,Saravanan. Durai.K,DMK,88194,8259,197165,48.92,15,Central,GEN,2021,Cuddalore
158,Chidambaram,K.A. PANDIAN,AIADMK,91961,S. ABDUL RAHMAN,IUML,75024,16937,183352,50.16,12,Central,GEN,2021,Cuddalore
159,Kattumannarkoil,SINTHANAI SELVAN,VCK,86056,N. MURUGUMARAN,AIADMK,75491,10565,175561,49.02,14,Central,SC,2021,Cuddalore
160,Sirkali,PANNEERSELVAM,DMK,94057,P.V.BHARATHI,AIADMK,81909,12148,191325,49.16,11,Delta,SC,2021,Nagapattinam
161,Mayiladuthurai,Rajakumar.S,INC,73642,Palanisamy.A,PMK,70900,2742,174640,42.17,15,Delta,GEN,2021,Nagapattinam
162,Poompuhar,Nivedha M. Murugan,DMK,96102,S.Pavunraj,AIADMK,92803,3299,207838,46.24,10,Delta,GEN,2021,Nagapattinam
163,Nagapattinam,J. Mohamed Shanavas,VCK,66281,Thanka.kathiravan,AIADMK,59043,7238,143560,46.17,14,Delta,GEN,2021,Nagapattinam
164,Kilvelur,NAGAIMAALI V P,CPI(M),67988,VADIVEL RAVANAN  S,PMK,51003,16985,142995,47.55,11,Delta,SC,2021,Nagapattinam
165,Vedaranyam,O.S.MANIAN,AIADMK,78719,S.K.VETHARATHINAM,DMK,66390,12329,158060,49.8,13,Delta,GEN,2021,Nagapattinam
166,Thiruthuraipundi,MARIMUTHU K,CPI,97092,SURESH KUMAR C,AIADMK,67024,30068,185886,52.23,12,Delta,SC,2021,Tiruvarur
167,Mannargudi,RAJAA T R B,DMK,87172,RAJAMANICKAM  SIVA,AIADMK,49779,37393,193229,45.11,11,Delta,GEN,2021,Tiruvarur
168,Thiruvarur,KALAIVANAN  POONDI  K.,DMK,108906,PANNERSELVAM A.N.R.,AIADMK,57732,51174,208290,52.29,14,Delta,GEN,2021,Tiruvarur
169,Nannilam,KAMARAJ R,AIADMK,103637,JOTHIRAMAN  S,DMK,99213,4424,221944,46.7,16,Delta,GEN,2021,Tiruvarur
170,Thiruvidamarudur,"CHEZHIAAN,  GOVI.",DMK,95763,"UNION VEERAMANI, S.",AIADMK,85083,10680,198446,48.26,15,Delta,SC,2021,Thanjavur
171,Kumbakonam,"ANBALAGAN, G.",DMK,96057,"SRITHAR VANDAYAR, G.M.",AIADMK,74674,21383,197564,48.62,11,Delta,GEN,2021,Thanjavur
172,Papanasam,"Dr.JAWAHIRULLAH, M.H.",DMK,86567,"GOPINATHAN, K.",AIADMK,70294,16273,196982,43.95,14,Delta,GEN,2021,Thanjavur
173,Thiruvaiyaru,DURAI.CHANDRASEKARAN,DMK,103210,"VENKATESAN, S.",BJP,49560,53650,211430,48.82,13,Delta,GEN,2021,Thanjavur
174,Thanjavur,"NEELAMEGAM, T.K.G.",DMK,103772,"ARIVUDAINAMBI, V.",AIADMK,56623,47149,194859,53.25,13,Delta,GEN,2021,Thanjavur
175,Orathanad,"VAITHILINGAM, R.",AIADMK,90063,"RAMCHANDRAN, M.",DMK,61228,28835,191840,46.95,13,Delta,GEN,2021,Thanjavur
176,Pattukkottai,"ANNADURAI, K.",DMK,79065,"RENGARAJAN, N.R.",AIADMK,53796,25269,177200,44.62,9,Delta,GEN,2021,Thanjavur
177,Peravurani,"ASHOKKUMAR, N.",DMK,89130,"THIRUGNANASAMBANDAM, S.V.",AIADMK,65627,23503,170850,52.17,9,Delta,GEN,2021,Thanjavur
178,Gandharvakottai,M.Chinnadurai,CPI(M),69710,S.Jayabharathi,AIADMK,56989,12721,157620,44.23,15,Delta,SC,2021,Pudukkottai
179,Viralimalai,VIJAYA BASKER C,AIADMK,102179,PALANIAPPAN,DMK,78581,23598,193423,52.83,23,Delta,GEN,2021,Pudukkottai
180,Pudukkottai,V . MUTHURAJA,DMK,85802,KARTHIK THONDAIMAN,AIADMK,72801,13001,179892,47.7,22,Delta,GEN,2021,Pudukkottai
181,Thirumayam,S.REGUPATHY,DMK,71349,P.K.VAIRAMUTHU,AIADMK,69967,1382,174031,41.0,23,Delta,GEN,2021,Pudukkottai
182,Alangudi,SIVA.V.MEYYANATHAN,DMK,87935,DHARMA THANGAVEL,AIADMK,62088,25847,171842,51.17,12,Delta,GEN,2021,Pudukkottai
183,Arantangi,RAMACHANDRAN T,INC,81835,RAJANAYAGAM M,AIADMK,50942,30893,168048,48.7,23,Delta,GEN,2021,Pudukkottai
184,Karaikudi,S.Mangudi,INC,75954,H.Raja,BJP,54365,21589,212456,35.75,14,South,GEN,2021,Sivaganga
185,Tiruppattur,KR.PERIYAKARUPPAN,DMK,103682,MARUDHU ALAGURAJ,AIADMK,66308,37374,210766,49.19,27,South,GEN,2021,Sivaganga
186,Sivaganga,PR. Senthilnathan,AIADMK,82153,S. Gunasekaran,CPI,70900,11253,202044,40.66,16,South,GEN,2021,Sivaganga
187,Manamadurai,Tamilarasi A.,DMK,89364,Nagarajan S.,AIADMK,75273,14091,203061,44.01,14,South,SC,2021,Sivaganga
188,Melur,PERIYAPULLAN @ SELVAM  P.,AIADMK,83344,RAVICHANDRAN  T.,INC,48182,35162,182782,45.6,16,South,GEN,2021,Madurai
189,Madurai East,MOORTHY P,DMK,122729,GOPALAKRISHNAN R,AIADMK,73125,49604,237892,51.59,16,South,GEN,2021,Madurai
190,Sholavandan,VENKATESAN A,DMK,84240,MANICKAM K,AIADMK,67195,17045,175361,48.04,21,South,SC,2021,Madurai
191,Madurai North,THALAPATHI G,DMK,73010,SARAVANAN P,BJP,50094,22916,156556,46.64,16,South,GEN,2021,Madurai
192,Madurai South,BOOMINATHAN.M,DMK,62812,SARAVANAN. S.S,AIADMK,56297,6515,147833,42.49,14,South,GEN,2021,Madurai
193,Madurai Central,PALANIVEL THIAGA RAJAN,DMK,73205,JOTHI MUTHURAMALINGAM N,AIADMK,39029,34176,149430,48.99,15,South,GEN,2021,Madurai
194,Madurai West,RAJU. K,AIADMK,83883,CHINNAMMAL. C,DMK,74762,9121,201694,41.59,16,South,GEN,2021,Madurai
195,Thiruparankundram,"RAJANCHELLAPPA, V.V.",AIADMK,103683,PONNUTHAI,CPI(M),74194,29489,235849,43.96,24,South,GEN,2021,Madurai
196,Thirumangalam,UDHAYAKUMAR R B,AIADMK,100338,MANIMARAN M,DMK,86251,14087,220495,45.51,25,South,GEN,2021,Madurai
197,Usilampatti,AYYAPPAN P,AIADMK,71255,KATHIRAVAN P V,DMK,63778,7477,212513,33.53,15,South,GEN,2021,Madurai
198,Andipatti,A.MAHARAJAN,DMK,93541,A.LOGIRAJAN,AIADMK,85003,8538,209540,44.64,21,South,GEN,2021,Theni
199,Periyakulam,K.S.SARAVANAKUMAAR,DMK,92251,M Murugan,AIADMK,70930,21321,201797,45.71,16,South,SC,2021,Theni
200,Bodinayakanur,O.PANNEERSELVAM,AIADMK,100050,THANGATAMILSELVAN,DMK,89029,11021,214795,46.58,25,South,GEN,2021,Theni
201,Cumbum,N.Ramakrishnan,DMK,104800,Syedukhan.S.P.M,AIADMK,62387,42413,202275,51.81,16,South,GEN,2021,Theni
202,Rajapalayam,THANGAPANDIAN S.,DMK,74158,RAJENTHRABHALAJI K.T,AIADMK,70260,3898,178708,41.5,15,South,GEN,2021,Virudhunagar
203,Srivilliputhur,"MANRAJ, E.M.",AIADMK,70475,"MADHAVARAO, P.S.W.",INC,57737,12738,185039,38.09,16,South,SC,2021,Virudhunagar
204,Sattur,"RAGHURAMAN,  A.R.R.",DMK,74174,"RAVICHANDHRAN, R.K.",AIADMK,62995,11179,191783,38.68,28,South,GEN,2021,Virudhunagar
205,Sivakasi,Ashokan.G,INC,78947,Lakshmi Ganesan,AIADMK,61628,17319,185047,42.66,27,South,GEN,2021,Virudhunagar
206,Virudhunagar,SEENIVASAN A.R.R,DMK,73297,PANDURANGAN G,BJP,51958,21339,161717,45.32,19,South,GEN,2021,Virudhunagar
207,Aruppukottai,K.K.S.S.R.RAMACHANDRAN,DMK,91040,VAIGAICHELVAN,AIADMK,52006,39034,171201,53.18,30,South,GEN,2021,Virudhunagar
208,Tiruchuli,THANGAM THENARASU,DMK,102225,RAJASEKAR S,AIADMK,41233,60992,172811,59.15,21,South,GEN,2021,Virudhunagar
209,Paramakudi,MURUGESAN S,DMK,84864,SADHAN PRABHAKAR N,AIADMK,71579,13285,182158,46.59,16,South,SC,2021,Ramanathapuram
210,Tiruvadanai,KARUMANICKAM,INC,79364,K C ANIMUTHU,AIADMK,65512,13852,201815,39.33,16,South,GEN,2021,Ramanathapuram
211,Ramanathapuram,KATHARBATCHA MUTHURAMALINGAM,DMK,111082,D.KUPPURAMU,BJP,60603,50479,214098,51.88,20,South,GEN,2021,Ramanathapuram
212,Mudukulathur,R.S.RAJAKANNAPPAN,DMK,101901,KEERTHIKA,AIADMK,81180,20721,221213,46.06,24,South,GEN,2021,Ramanathapuram
213,Vilathikulam,MARKANDAYAN V,DMK,90348,CHINNAPPAN P,AIADMK,51799,38549,167169,54.05,16,South,GEN,2021,Thoothukudi
214,Thoothukkudi,P.Geetha Jeevan,DMK,92314,SDR Vijayaseelan,AIADMK,42004,50310,188407,49.0,27,South,GEN,2021,Thoothukudi
215,Tiruchendur,Anitha R. Radhakrishnan,DMK,88274,Radhakrishnan M,AIADMK,63011,25263,174536,50.58,16,South,GEN,2021,Thoothukudi
216,Srivaikuntam,Amirtharaj .S,INC,76843,S.P.SHUNMUGANATHAN,AIADMK,59471,17372,164386,46.75,22,South,GEN,2021,Thoothukudi
217,Ottapidaram,SHUNMUGAIAH C,DMK,73110,MOHAN P,AIADMK,64600,8510,177840,41.11,18,South,SC,2021,Thoothukudi
218,Kovilpatti,KADAMBUR RAJU,AIADMK,68556,TTV DHINAKARAN,AMMK,56153,12403,180928,37.89,27,South,GEN,2021,Thoothukudi
219,Sankarankovil,RAJA E,DMK,71347,RAJALAKSHMI V M,AIADMK,66050,5297,183338,38.92,16,South,SC,2021,Tirunelveli
220,Vasudevanallur,"SADHAN THIRUMALAIKUMAR, DOCTOR.T",DMK,68730,MANOHARAN A,AIADMK,66363,2367,175881,39.08,12,South,SC,2021,Tirunelveli
221,Kadayanallur,C.KRISHNAMURALI,AIADMK,88474,K.A.M.MUHAMMED ABUBACKER,IUML,64125,24349,205374,43.08,22,South,GEN,2021,Tirunelveli
222,Tenkasi,PALANI NADAR.S,INC,89315,SELVA MOHANDAS PANDIAN.S,AIADMK,88945,370,214108,41.71,19,South,GEN,2021,Tirunelveli
223,Alangulam,PAUL MANOJ PANDIAN,AIADMK,74153,DR.POONGOTHAI ALADI ARUNA,DMK,70614,3539,203478,36.44,11,South,GEN,2021,Tirunelveli
224,Tirunelveli,Nainar Nagenthran,BJP,92282,"Lakshmanan,A.L.S.",DMK,69175,23107,197587,46.7,15,South,GEN,2021,Tirunelveli
225,Ambasamudram,E.SUBAYA,AIADMK,85211,R.AVUDAIAPPAN,DMK,68296,16915,177681,47.96,13,South,GEN,2021,Tirunelveli
226,Palayamcottai,ABDUL WAHAB .M,DMK,89117,GERALD .G,AIADMK,36976,52141,161091,55.32,11,South,GEN,2021,Tirunelveli
227,Nanguneri,RUBY R MANOHARAN,INC,75902,GANESARAJA,AIADMK,59416,16486,192522,39.43,16,South,GEN,2021,Tirunelveli
228,Radhapuram,M.Appavu,DMK,82331,I.S.Inbadurai,AIADMK,76406,5925,187310,43.95,26,South,GEN,2021,Tirunelveli
229,Kanniyakumari,THALAVAI SUNDARAM N.,AIADMK,109745,AUSTIN S.,DMK,93532,16213,224874,48.8,14,South,GEN,2021,Kanniyakumari
230,Nagercoil,Gandhi M.R.,BJP,88804,Suresh Rajan N.,DMK,77135,11669,184185,48.21,16,South,GEN,2021,Kanniyakumari
231,Colachel,Prince J.G.,INC,90681,Ramesh P.,BJP,65849,24832,182969,49.56,13,South,GEN,2021,Kanniyakumari
232,Padmanabhapuram,"Mano Thangaraj, T.",DMK,87744,"John Thankam, D.",AIADMK,60859,26885,170156,51.57,13,South,GEN,2021,Kanniyakumari
233,Vilavancode,VIJAYADHARANI S,INC,87473,JAYASEELAN R,BJP,58804,28669,167836,52.12,16,South,GEN,2021,Kanniyakumari
234,Killiyoor,RAJESH KUMAR  S,INC,101541,JUDE DEV   K.V,AIADMK,46141,55400,169918,59.76,15,South,GEN,2021,Kanniyakumari
